{"songName":"Shiny Smily Story (2022 ver.)","difficulties":[{"name":"Standard","scores":[{"grade":"B","score":15092501,"combo":112,"accuracy":80.95237731933594,"perfect":134,"great":27,"okay":22,"miss":6},{"grade":"C","score":7529011,"combo":87,"accuracy":66.35638427734375,"perfect":95,"great":36,"okay":47,"miss":10},{"grade":"C","score":23273591,"combo":110,"accuracy":72.7513198852539,"perfect":108,"great":43,"okay":32,"miss":6},{"grade":"B","score":23618065,"combo":96,"accuracy":82.80422973632813,"perfect":130,"great":51,"okay":4,"miss":4}]}]}